{"stat.useItem.274":3,"stat.craftItem.263":1,"stat.useItem.154":11,"stat.walkOneCm":122522,"stat.useItem.278":20,"stat.useItem.277":1,"stat.useItem.279":2,"stat.useItem.69":2,"stat.useItem.76":2,"stat.jump":107,"achievement.mineWood":5,"achievement.exploreAllBiomes":{"value":0,"progress":["Plains"]},"achievement.openInventory":59,"stat.mobKills":1,"stat.useItem.54":8,"stat.flyOneCm":23139,"stat.drop":6,"stat.playOneMinute":37588,"stat.killEntity.Sheep":1,"stat.useItem.3":1,"stat.damageDealt":110,"stat.useItem.270":4,"stat.useItem.58":40}